pickup_address,dropoff_address,amount,created
,,868,1.61E+12
,,1033,1.61E+12
,,1033,1.61E+12
,,1033,1.61E+12
,,1033,1.61E+12
,,1033,1.61E+12
,,1033,1.61E+12
,,1033,1.61E+12
,,1033,1.61E+12
,,1033,1.61E+12
,,1033,1.61E+12
,,1033,1.61E+12
,,1033,1.61E+12
,,1033,1.61E+12
,,1033,1.61E+12
,,1033,1.61E+12
,,1033,1.61E+12
,,1033,1.61E+12
,,1033,1.61E+12
,,1033,1.61E+12
,,1033,1.61E+12
,,660,1.61E+12
,,660,1.61E+12
,,660,1.61E+12
,,1033,1.61E+12
,,660,1.61E+12
,,1033,1.61E+12
,,660,1.61E+12
,,660,1.61E+12
,,660,1.61E+12
,,1033,1.61E+12
,,922,1.61E+12
,,660,1.61E+12
,,660,1.61E+12
,,965,1.61E+12
,,660,1.61E+12
,,660,1.61E+12
,,965,1.61E+12
"1612 Forest Avenue, Wilmette, IL","808 Bryant Road, Winnetka, IL",948,1.61E+12
"1612 Forest Avenue, Wilmette, IL","808 Bryant Road, Winnetka, IL",948,1.61E+12
"1612 Forest Avenue, Wilmette, IL","808 Bryant Road, Winnetka, IL",948,1.61E+12
,,1033,1.61E+12
"808 Bryant Avenue, Winnetka, IL, USA","808 Bryant Avenue, Winnetka, IL, USA",660,1.61E+12
"601 West 11th Street, Austin, TX, USA","601 West 11th Street, Austin, TX, USA",660,1.61E+12
"1612 Forest Avenue, Wilmette, IL, USA","808 Bryant Avenue, Winnetka, IL, USA",948,1.61E+12
"1612 Forest Avenue, Wilmette, IL, USA","808 Bryant Avenue, Winnetka, IL, USA",948,1.61E+12
"1612 Forest Avenue, Wilmette, IL, USA","808 Bryant Avenue, Winnetka, IL, USA",948,1.61E+12
"1612 Forest Avenue, Wilmette, IL, USA","808 Bryant Avenue, Winnetka, IL, USA",948,1.61E+12
"1612 Forest Avenue, Wilmette, IL, USA","808 Bryant Avenue, Winnetka, IL, USA",948,1.61E+12
"1612 Forest Avenue, Wilmette, IL, USA","808 Bryant Avenue, Winnetka, IL, USA",948,1.61E+12
"601 West 57th Street, New York, NY, USA","601 West 56th Street, New York, NY, USA",660,1.61E+12
"1612 Forest Avenue, Wilmette, IL, USA","808 Bryant Avenue, Winnetka, IL, USA",948,1.61E+12
"1612 Forest Avenue, Wilmette, IL, USA","808 Bryant Avenue, Winnetka, IL, USA",948,1.61E+12
"1612 Forest Avenue, Wilmette, IL, USA","808 Bryant Avenue, Winnetka, IL, USA",948,1.61E+12
"1612 Forest Avenue, Wilmette, IL, USA","808 Bryant Avenue, Winnetka, IL, USA",948,1.61E+12
"1612 Forest Avenue, Wilmette, IL, USA","808 Bryant Avenue, Winnetka, IL, USA",948,1.61E+12
"1612 Forest Avenue, Wilmette, IL, USA","808 Bryant Avenue, Winnetka, IL, USA",948,1.61E+12
"Heatherwood Drive, Schaumburg, IL, USA","31 Brinker Road, Barrington, IL, USA",2115,1.61E+12
"1612 Forest Avenue, Wilmette, IL, USA","808 Bryant Avenue, Winnetka, IL, USA",948,1.61E+12
"1612 Forest Avenue, Wilmette, IL, USA","808 Bryant Avenue, Winnetka, IL, USA",948,1.61E+12
"1612 Forest Avenue, Wilmette, IL, USA","808 Bryant Avenue, Winnetka, IL, USA",948,1.61E+12
"1612 Forest Avenue, Wilmette, IL, USA","808 Bryant Avenue, Winnetka, IL, USA",948,1.61E+12
"1612 Forest Avenue, Wilmette, IL, USA","808 Bryant Avenue, Winnetka, IL, USA",948,1.61E+12
"1612 Forest Avenue, Wilmette, IL, USA","808 Bryant Avenue, Winnetka, IL, USA",948,1.61E+12
"1034 MD-3, Gambrills, MD, USA","1405 South Main Chapel Way, Gambrills, MD, USA",660,1.61E+12
"1034 MD-3, Gambrills, MD, USA","7903 Chestnut Lane, Bowie, MD, USA",1961,1.61E+12
"601 West 57th Street, New York, NY, USA","East 56th Street, New York, NY, USA",754,1.61E+12
"601 East Rollins Street, Orlando, FL, USA","601 East Rollins Street, Orlando, FL, USA",660,1.61E+12
"601 East Rollins Street, Orlando, FL, USA","601 East Rollins Street, Orlando, FL, USA",660,1.61E+12
"601 East Rollins Street, Orlando, FL, USA","601 East Rollins Street, Orlando, FL, USA",660,1.61E+12
"601 East Rollins Street, Orlando, FL, USA","601 East Rollins Street, Orlando, FL, USA",660,1.61E+12
"601 East Rollins Street, Orlando, FL, USA","601 East Rollins Street, Orlando, FL, USA",660,1.61E+12
"601 East Rollins Street, Orlando, FL, USA","601 East Rollins Street, Orlando, FL, USA",660,1.61E+12
"601 East Rollins Street, Orlando, FL, USA","601 East Rollins Street, Orlando, FL, USA",660,1.61E+12
"601 West 57th Street, New York, NY, USA","601 West 26th Street, New York, NY, USA",820,1.61E+12
"601 East Rollins Street, Orlando, FL, USA","601 East Rollins Street, Orlando, FL, USA",660,1.61E+12
"601 East Rollins Street, Orlando, FL, USA","601 East Rollins Street, Orlando, FL, USA",660,1.61E+12
"601 East Rollins Street, Orlando, FL, USA","601 East Rollins Street, Orlando, FL, USA",660,1.61E+12
"601 East Rollins Street, Orlando, FL, USA","601 East Rollins Street, Orlando, FL, USA",660,1.61E+12
"601 East Rollins Street, Orlando, FL, USA","601 East Rollins Street, Orlando, FL, USA",660,1.61E+12
"601 East Rollins Street, Orlando, FL, USA","601 East Rollins Street, Orlando, FL, USA",660,1.61E+12
"601 East Rollins Street, Orlando, FL, USA","601 East Rollins Street, Orlando, FL, USA",660,1.61E+12
"601 East Rollins Street, Orlando, FL, USA","601 East Rollins Street, Orlando, FL, USA",660,1.61E+12
"601 East Rollins Street, Orlando, FL, USA","601 East Rollins Street, Orlando, FL, USA",660,1.61E+12
"601 East Rollins Street, Orlando, FL, USA","601 East Rollins Street, Orlando, FL, USA",660,1.61E+12
"601 East Rollins Street, Orlando, FL, USA","601 East Rollins Street, Orlando, FL, USA",660,1.61E+12
"601 East Rollins Street, Orlando, FL, USA","601 East Rollins Street, Orlando, FL, USA",660,1.61E+12
"601 East Rollins Street, Orlando, FL, USA","601 East Rollins Street, Orlando, FL, USA",660,1.61E+12
"160 Front Street, New York, NY, USA","420 East 54th Street, New York, NY, USA",1341,1.61E+12
"601 East Rollins Street, Orlando, FL, USA","601 East Rollins Street, Orlando, FL, USA",660,1.61E+12
"601 East Rollins Street, Orlando, FL, USA","601 East Rollins Street, Orlando, FL, USA",660,1.61E+12
"601 East Rollins Street, Orlando, FL, USA","601 East Rollins Street, Orlando, FL, USA",660,1.61E+12
"603 North Lamar Boulevard, Austin, Texas, EE. UU.","805 West Johanna Street, Bouldin Creek, Austin, Texas, EE. UU.",871,1.61E+12
"56 Oceana Drive East, Brooklyn, NY, USA","424 MacDonough Street, Brooklyn, NY, USA",2530,1.61E+12
"707 Park Avenue Northeast, Atlanta, GA, USA","541 Headwind Way, Alpharetta, GA, USA",3743,1.61E+12
"19 Franklin Turnpike, Mahwah, NJ, USA","155 Airmount Road, Mahwah, NJ, USA",773,1.61E+12
"6157 North Broadway, Chicago, IL, USA","4242 North Western Avenue, Chicago, IL, USA",1154,1.61E+12
"1612 Forest Avenue, Wilmette, IL, USA","808 Bryant Avenue, Winnetka, IL, USA",948,1.61E+12
"601 East Rollins Street, Orlando, FL, USA","601 East Rollins Street, Orlando, FL, USA",660,1.61E+12
"601 East Rollins Street, Orlando, FL, USA","601 East Rollins Street, Orlando, FL, USA",660,1.61E+12
"601 East Rollins Street, Orlando, FL, USA","601 East Rollins Street, Orlando, FL, USA",660,1.61E+12
"601 East Rollins Street, Orlando, FL, USA","601 East Rollins Street, Orlando, FL, USA",660,1.61E+12
"601 East Rollins Street, Orlando, FL, USA","601 East Rollins Street, Orlando, FL, USA",660,1.61E+12
"601 East Rollins Street, Orlando, FL, USA","601 East Rollins Street, Orlando, FL, USA",660,1.61E+12
"601 East Rollins Street, Orlando, FL, USA","601 East Rollins Street, Orlando, FL, USA",660,1.61E+12
"601 East Rollins Street, Orlando, FL, USA","601 East Rollins Street, Orlando, FL, USA",660,1.61E+12
"211 North 1st Street, Minneapolis, MN, USA","2907 James Avenue South, Minneapolis, MN, USA",1242,1.61E+12
"512 West 11th Street, Austin, TX, USA","602 West 11th Street, Austin, TX, USA",660,1.61E+12
"6736 Bill Carruth Parkway, Hiram, GA, USA","8594 Main Street, Woodstock, GA, USA",4341,1.61E+12
"10302 Orchard Hills Court, Tampa, FL, USA","9406 N Margaret Ave, Tampa, FL 33612, USA",2501,1.61E+12
"10302 Orchard Hills Court, Tampa, FL, USA","9406 N Margaret ave, tampa , fl 33612",2501,1.61E+12
"5555 New Albany Rd E, New Albany, OH, USA","12745 Gorsuch Road, Galena, OH, USA",1224,1.61E+12
"3938 Pacific Ave, Forest Grove, OR 97116, USA","3103 Pacific Avenue, Forest Grove, OR, USA",660,1.61E+12
"2040 Marion Street, Roseville, MN, USA","3115 Oakland Avenue, Minneapolis, MN, USA",2478,1.61E+12
"2040 Marion Street, Roseville, MN, USA","1279 Van Buren Ave, Saint Paul, MN, USA",1290,1.61E+12
"3400 Steelyard Drive, Cleveland, OH, USA","1624 Amberley Avenue, Cleveland, OH, USA",833,1.61E+12
"1560 Eversedge Drive, Alpharetta, GA 30009","5020 Winding Rose Drive, Suwanee, GA 30024, USA",4452,1.61E+12
"1612 Forest Avenue, Wilmette, IL, USA","1616 Highland Avenue, Wilmette, IL, USA",660,1.61E+12
"8110 97th Avenue, Queens, NY, USA","284 Clarkson Avenue, Brooklyn, NY, USA",1593,1.61E+12
"601 West 11th Street, Austin, TX, USA","601 West 11th Street, Austin, TX, USA",660,1.61E+12
"2419 W 14th St, Chicago, IL, USA","1030 West Wrightwood Avenue, Chicago, IL, USA",1505,1.61E+12
"10201 Jollyville Road, Austin, TX, USA","6800 Township Trail, Austin, TX, USA",982,1.61E+12
"603 North Lamar Boulevard, Austin, TX, USA","1212 West 38th Street, Austin, TX, USA",979,1.61E+12
"2151 Royal Ave, Monona, WI 53713, USA","1812 Waunona Way, Madison, WI, USA",682,1.61E+12
"1812 Waunona Way, Madison, WI, USA","1827 East Washington Avenue, Madison, WI, USA",1433,1.61E+12
"2419 West 14th Street, Chicago, IL, USA","843 North East Avenue, Oak Park, IL, USA",1881,1.61E+12
"603 North Lamar Boulevard, Austin, TX, USA","1212 West 38th Street, Austin, TX, USA",979,1.61E+12
"2207 North Clybourn Avenue, Chicago, IL, USA","7042 North Greenview Avenue, Chicago, IL, USA",1544,1.61E+12
"825 West Fulton Market, Chicago, IL, USA","7042 North Greenview Avenue, Chicago, IL, USA",2406,1.61E+12
"Amazing Edibles Catering, 2419 West 14th Street, Chicago, IL, USA","2042 West Churchill Street, Chicago, IL, USA",1190,1.61E+12
"2419 W 14th St Chicago, IL 60608","2042 West Churchill Street, Chicago, IL, USA",1188,1.61E+12
"2419 W 14th St Chicago, IL 60608","2042 W Churchill St, Chicago, IL 60647, USA",1188,1.61E+12
"2419 W 14th St Chicago, IL 60608","2042 W Churchill St, Chicago, IL 60647, USA",1188,1.61E+12
"2419 W 14th St Chicago, IL 60608","2402 West Churchill Street, Chicago, IL, USA",1185,1.61E+12
"2419 W 14th St Chicago, IL 60608","2042 W Churchill St, Chicago, IL 60647, USA",1187,1.61E+12
"2419 W 14th St Chicago, IL 60608","2402 West Churchill Street, Chicago, IL, USA",1185,1.61E+12
"2419 W 14th St Chicago, IL 60608","2402 West Churchill Street, Chicago, IL, USA",1185,1.61E+12
"2419 W 14th St Chicago, IL 60608","2042 West Churchill Street, Chicago, IL, USA",1188,1.61E+12
"2419 W 14th St Chicago, IL 60608","2042 West Churchill Street, Chicago, IL, USA",1188,1.61E+12
"603 N Lamar Blvd, Austin, TX 78703, USA","2305 Cypress Point West, Austin, TX, USA",1861,1.61E+12
"2419 West 14th Street, Chicago, IL, USA","835 West Diversey Parkway, Chicago, IL, USA",1841,1.61E+12
"603 N Lamar Blvd, Austin, TX 78703, USA","5213 Basswood Lane, Austin, TX, USA",1497,1.61E+12
"4710 Dempster St, Skokie, IL 60076, USA","1612 Forest Avenue, Wilmette, IL, USA",1098,1.61E+12
"2424 Dempster Street, Evanston, IL 60202, USA","1612 Forest Avenue, Wilmette, IL, USA",1126,1.61E+12
"Amazing Edibles Catering, 2419 West 14th Street, Chicago, IL 60608, USA","1301 North Astor Street, Chicago, IL, USA",1319,1.61E+12
"2419 W 14th St Chicago, IL 60608","1301 North Astor Street, Chicago, IL, USA",1316,1.61E+12
"2419 W 14th St Chicago, IL 60608","1301 North Astor Street, Chicago, IL, USA",1316,1.61E+12
"2419 W 14th St Chicago, IL 60608","1301 North Astor Street, Chicago, IL, USA",1315,1.61E+12
"2419 W 14th St Chicago, IL 60608","1301 North Astor Street, Chicago, IL, USA",1315,1.61E+12
"355 East 46th Street, Brooklyn, NY, USA","1598 Flatbush Avenue, Brooklyn, NY, USA",854,1.61E+12
"2419 W 14th St Chicago, IL 60608","680 N Lake Shore Dr, Chicago, IL 60611, USA",1425,1.61E+12
"2419 W 14th St Chicago, IL 60608","680 N Lake Shore Dr, Chicago, IL 60611, USA",1425,1.61E+12
"2419 W 14th St Chicago, IL 60608","680 N Lake Shore Dr, Chicago, IL 60611, USA",1425,1.61E+12
"2419 W 14th St Chicago, IL 60608","680 N Lake Shore Dr, Chicago, IL 60611, USA",1425,1.61E+12
"Amazing Edibles Catering, 2419 West 14th Street, Chicago, IL, USA","720 S Dearborn St, Apt 801",1106,1.61E+12
"2700 West Anderson Lane, Austin, TX, USA","1200 Warrington Drive, Austin, TX, USA",1438,1.61E+12
"Amazing Edibles Catering, 2419 West 14th Street, Chicago, IL, USA",55 east erie,1390,1.61E+12
"318 Court Street, Brooklyn, NY, USA","7101 Shore Road, Brooklyn, NY, USA",1251,1.61E+12
"318 Court Street, Brooklyn, NY, USA","230 Jay Street, Brooklyn, NY, USA",736,1.61E+12
"2419w West 14th Street, Chicago, IL, USA","55 East Erie Street, East Erie Street, Chicago, IL, USA",1387,1.61E+12
"Amazing Edibles Catering, 2419 West 14th Street, Chicago, IL, USA","1239 North Hoyne Avenue, Chicago, IL, USA",1042,1.61E+12
"2419 W 14th St Chicago, IL 60608","55 East Erie Street, 55 E Erie St, Chicago, IL 60611, USA",1387,1.61E+12
"2419 W 14th St Chicago, IL 60608","55 East Erie Street, 55 E Erie St, Chicago, IL 60611, USA",1387,1.61E+12
"2419 W 14th St Chicago, IL 60608","55 East Erie Street, 55 E Erie St, Chicago, IL 60611, USA",1387,1.61E+12
"2419 W 14th St Chicago, IL 60608","55 East Erie Street, 55 E Erie St, Chicago, IL 60611, USA",1387,1.61E+12
"2419 W 14th St Chicago, IL 60608","55 East Erie Street, 55 E Erie St, Chicago, IL 60611, USA",1387,1.61E+12
"89 Conselyea St, Brooklyn, NY 11211, USA","355 East 46th Street, Brooklyn, NY, USA",1304,1.61E+12
"2419 W 14th St Chicago, IL 60608","1612 West Chicago Avenue, Chicago, IL, USA",966,1.61E+12
"2419 W 14th St, Chicago, IL 60608, USA","1230 North State Parkway, Chicago, IL, USA",1518,1.61E+12
"2419 W 14th St Chicago, IL 60608","1231 West Oakdale Avenue, Chicago, IL, USA",1455,1.61E+12
"2419 W 14th St Chicago, IL 60608","1231 West Oakdale Avenue, Chicago, IL, USA",1455,1.61E+12
"603 North Lamar Boulevard, Austin, TX, USA","3809 Spicewood Springs Road, Austin, TX, USA",1800,1.61E+12
"465 North McClurg Court, Chicago, IL, USA","100 East Huron Street, Chicago, IL, USA",660,1.61E+12
"303 West 23rd Street, Chicago, IL, USA","2543 South Wallace Street, Chicago, IL, USA",660,1.61E+12
"509 Asbury Avenue, Evanston, Illinois, EE. UU.","1146 West Morse Avenue, Chicago, Illinois, EE. UU.",941,1.61E+12
"500 North State Street, Chicago, IL, USA","2500 North Clark Street, Chicago, IL, USA",1176,1.61E+12
"4936 N Broadway St, Chicago, IL, USA","5916 West Grace Street, Chicago, IL, USA",1756,1.61E+12
"2914 West 14th Street, Chicago, IL, USA","3552 West Armitage Avenue, Chicago, IL, USA",1277,1.61E+12
"3517 North Spaulding Avenue, Chicago, IL, USA","2649 North Sacramento Avenue, Chicago, IL, USA",730,1.61E+12
"567 West Lake Street, Chicago, IL, USA","1521 West Haddon Avenue, Chicago, IL, USA",827,1.61E+12
"2200 North Western Avenue, Chicago, IL, USA","1521 West Haddon Avenue, Chicago, IL, USA",826,1.61E+12
"300 West North Avenue, Chicago, IL, USA","1546 North Orleans Street, Chicago, IL, USA",660,1.61E+12
"1215 West Sherwin Avenue, Chicago, IL, USA","818 West Sunnyside Avenue, Chicago, IL, USA",1181,1.61E+12
"2770 N Milwaukee Ave, Chicago, IL 60647, USA","2543 North Kimball Avenue, Chicago, IL, USA",660,1.61E+12
"601 West 2nd Street, Austin, TX, USA","601 West 6th Street, Austin, TX, USA",660,1.61E+12
"15320 96th Place North, Maple Grove, MN, USA","11670 Fountains Drive, Maple Grove, MN, USA",1327,1.61E+12
"2211 Campus Drive, Evanston, IL, USA","206 Girard Avenue, Wilmette, IL, USA",739,1.61E+12
"4710 North Ravenswood Avenue, Chicago, IL, USA","206 Girard Avenue, Wilmette, IL, USA",1836,1.61E+12
"1769 West Sunnyside Avenue, Chicago, IL, USA","206 Girard Avenue, Wilmette, IL, USA",1817,1.61E+12
"615 West Randolph Street, Chicago, IL, USA","1558 North Milwaukee Avenue, Chicago, IL, USA",991,1.61E+12
"206 Girard Avenue, Wilmette, IL, USA","1769 West Sunnyside Avenue, Chicago, IL, USA",1813,1.61E+12
"1315 East Boulevard, Charlotte, NC, USA","1437 Sterling Road, Charlotte, NC, USA",660,1.61E+12
"9510 Buffum Street, Houston, TX, USA","1810 Fergus Park Court, Houston, TX, USA",1187,1.61E+12
"1832 Valentine Avenue, Cleveland, OH, USA","2020 Alvin Avenue, Cleveland, OH, USA",1208,1.61E+12
"63 St Francis Square, Daly City, CA, USA","78 Chicago Way, San Francisco, CA, USA",1838,1.61E+12
"63 Saint Francis Square, Daly City, CA, USA","303 Lake Merced Boulevard, Daly City, CA, USA",1022,1.61E+12
"63 Saint Francis Square, Daly City, CA, USA","72 Abbot Avenue, Daly City, CA, USA",999,1.61E+12
"3008 West Fullerton Avenue, Chicago, IL, USA","1001 South State Street, Chicago, IL, USA",1836,1.61E+12
"5518 20th Ave NW, Seattle, WA 98107, USA","4065 4th Avenue Northeast, Seattle, WA, USA",1077,1.61E+12
"10901 Georgia Avenue, Silver Spring, MD, USA","221 Granville Drive, Silver Spring, MD, USA",1091,1.61E+12
"4851 Belle Terre Parkway, Palm Coast, FL, USA","5600 Florida 100, Palm Coast, FL, USA",1649,1.61E+12
"2645 Elston Court, Chicago, IL 60647, USA","800 South Clark Street, Chicago, IL, USA",1433,1.61E+12
"2330 East Bidwell Street, Folsom, CA, USA","5933 Spring Glen Dr, Fair Oaks, CA, USA",2208,1.61E+12
"324 E Santa Clara St, San Jose, CA 95112, USA","1037 Parkinson Ct, San Jose, CA, USA",914,1.61E+12
"2258 W Chicago Ave, Chicago, IL 60622, USA","2416 South 60th Court, Cicero, IL, USA",1792,1.61E+12
"2419 West 14th Place, Chicago, IL, USA","838 West Fullerton Parkway, Chicago, IL, USA",1407,1.61E+12
"1000 West Sheridan Road, Chicago, IL, USA","930 West Sunnyside Avenue, Chicago, IL, USA",954,1.61E+12
"4040 South Arizona Avenue, Chandler, AZ, USA","1141 East Armstrong Way, Chandler, AZ, USA",1102,1.61E+12
"4590 Silverton Road Northeast, Salem, OR, USA","477 Senate Street Northwest, Salem, OR, USA",1447,1.61E+12
"3718 North Elston Avenue, Chicago, IL, USA","2478 North Albany Avenue, Chicago, IL, USA",782,1.61E+12
"310 High Street, Fairport Harbor, OH, USA","950 Brentwood Drive, Painesville, OH, USA",1266,1.61E+12
"3010 East Empire Street, Bloomington, IL, USA","1707 East Taylor Street, Bloomington, IL, USA",1040,1.61E+12
"3361 N Elston Ave, Chicago, IL 60618, USA","2075 North Oakley Avenue, Chicago, IL, USA",889,1.61E+12
"2101 N Milwaukee Ave, Chicago, IL 60647, USA","2075 North Oakley Avenue, Chicago, IL, USA",660,1.61E+12
"420 West Belmont Avenue, Chicago, IL, USA","901 West Cullom Avenue, Chicago, IL, USA",845,1.61E+12
"2545 North Halsted Street, Chicago, IL, USA","1824 North Rockwell Street, Chicago, IL, USA",1027,1.61E+12
"1114 North Water Street, Milwaukee, WI, USA","3018 North Stowell Avenue, Milwaukee, WI, USA",1026,1.61E+12
"1817 Darien Club Drive, Darien, IL, USA","665 Pasquinelli Drive, Westmont, IL, USA",1592,1.61E+12
"2419 W 14th St, Chicago, IL 60608, USA","1735 West Diversey Parkway, Chicago, IL, USA",1498,1.61E+12
"1208 W Webster Ave, Chicago, IL 60614, USA","1735 West Diversey Parkway, Chicago, IL, USA",714,1.61E+12
"362 West 15th Street, Indianapolis, IN, USA","3606 North Hawthorne Lane, Indianapolis, IN, USA",1726,1.61E+12
"4557 Indianapolis Avenue, Indianapolis, IN, USA","3606 North Hawthorne Lane, Indianapolis, IN, USA",1383,1.61E+12
"3618 North Hawthorne Lane, Indianapolis, IN, USA","3606 North Hawthorne Lane, Indianapolis, IN, USA",660,1.61E+12
"2105 South Jefferson Street, Chicago, IL, USA",850 W Argyle Street,2553,1.61E+12
"Amazing Edibles Catering, 2419 West 14th Street, Chicago, IL, USA","4107 North Dickinson Avenue, Chicago, IL, USA",2187,1.61E+12
"3274 21st Street, San Francisco, CA, USA","629 Guerrero Street, San Francisco, CA, USA",704,1.61E+12
"1132 Southwest 13th Avenue, Portland, OR, USA","1911 Northwest Hoyt Street, Portland, OR, USA",688,1.61E+12
"4131 North Rockwell Street, Chicago, IL, USA","6322 North Pulaski Road, Chicago, IL, USA",1264,1.61E+12
"949 Lake St, Oak Park, IL, USA","1100 Marengo Avenue, Forest Park, IL, USA",807,1.61E+12
"236 Plaza Central, Los Altos, CA, USA","975 Portola Road, Portola Valley, CA, USA",3099,1.61E+12
"3548 Homestead Road, Santa Clara, CA, USA","1070 Rose Avenue, Mountain View, CA, USA",2367,1.61E+12
"3345 El Camino Real, Palo Alto, CA, USA","1070 Rose Avenue, Mountain View, CA, USA",1516,1.61E+12
"3345 El Camino Real, Palo Alto, CA, USA","975 Portola Road, Portola Valley, CA, USA",2714,1.61E+12
"143 East El Camino Real, Mountain View, CA 94040, USA","975 Portola Road, Portola Valley, CA, USA",4367,1.61E+12
"143 East El Camino Real, Mountain View, CA 94040, USA","1070 Rose Avenue, Mountain View, CA, USA",838,1.61E+12
"1111 Collins Ave, Miami Beach, FL 33139, USA","3201 Northeast 183rd Street, Aventura, FL, USA",3829,1.61E+12
"884 Portola Road, Portola Valley, California, USA","1070 Rose Avenue, Mountain View, CA, USA",3366,1.61E+12
"884 Portola Road, Portola Valley, California, USA","975 Portola Road, Portola Valley, CA, USA",704,1.61E+12
"1100 Harmon Place, Minneapolis, MN, USA","5237 Abbott Ave S, Minneapolis, MN, USA",2067,1.61E+12
"1647 North Sawyer Avenue, Chicago, IL, USA","3234 North Kimball Avenue, Chicago, IL, USA",927,1.61E+12
"4939 W Irving Park Rd, Chicago, IL 60641, USA","655 West Irving Park Road, Chicago, IL, USA",1393,1.61E+12
"2300 Sycamore Road, DeKalb, IL, USA","316 Settler Rd, DeKalb, IL, USA",1239,1.61E+12
"Barton Springs Road, Austin, TX, USA","601 West 2nd Street, Austin, TX, USA",660,1.61E+12
"428 South Fairview Avenue, Park Ridge, IL, USA","7144 N Harlem Ave, Chicago, IL 60631, United States",781,1.61E+12
"21910 Hwy 99, Edmonds, WA, USA","9321 244th Street Southwest, Edmonds, WA, USA",936,1.61E+12
sweet mandy b's,"1056 West Fry Street, Chicago, IL, USA",880,1.61E+12
"10515 Greenwood Avenue North, Seattle, WA, USA","6301 Seaview Avenue Northwest, Seattle, WA, USA",1202,1.61E+12
"527 Old Little Rock Road, Charlotte, NC, USA","2014 Weststone Drive, Charlotte, NC, USA",894,1.61E+12
"2997 Lawrenceville Highway, Tucker, GA, USA","Infinite Energy Center, Duluth, GA, USA",3626,1.61E+12
"3 Maple Avenue, Newark, DE, USA","1941 Limestone Road, Wilmington, DE, USA",1189,1.61E+12
"128 Mill Road, Valley Stream, NY, USA","14933 Weller Lane, Jamaica, NY, USA",801,1.61E+12
"Illinois Institute of Technology Research Institute, West 35th Street, Chicago, IL, USA","51 East 14th Street, Chicago, IL, USA",947,1.61E+12
"1130 South Vermont Avenue, Los Angeles, CA, USA","269 South Lafayette Park Place, Los Angeles, CA, USA",857,1.61E+12
"3646 High Pine Drive, Coral Springs, FL, USA","4567 Carambola Circle South, Coconut Creek, FL, USA",1198,1.61E+12
"2333 North Milwaukee Avenue, Chicago, IL, USA","4520 West Belmont Avenue, Chicago, IL, USA",913,1.61E+12
"416 13th Street, Oakland, CA, USA","4215 Terrace Street, Oakland, CA, USA",959,1.61E+12
"1751 Monument Boulevard, Concord, CA, USA","1690 Detroit Ave, Concord, CA, USA",757,1.61E+12
"631 Wilshire Boulevard, Santa Monica, CA, USA","110 Westwood Plaza, Los Angeles, CA, USA",2457,1.61E+12
"631 Wilshire Boulevard, Santa Monica, CA, USA","1856 Stoner Avenue, Los Angeles, CA, USA",1360,1.61E+12
"2800 W Diversey Ave, Chicago, IL 60647, USA","263 W 23rd St, Chicago, IL 60616, USA",1698,1.61E+12
"2800 W Diversey Ave, Chicago, IL 60647, USA","5143 W 25th St, Cicero, IL 60804, USA",1878,1.61E+12
"2800 W Diversey Ave, Chicago, IL 60647, USA","5029 West Ogden Ave, Cicero, IL 60804",1846,1.61E+12
"2800 W Diversey Ave, Chicago, IL 60647, USA","2333 S Cicero Ave, Cicero, IL 60804",1891,1.61E+12
"2800 W Diversey Ave, Chicago, IL 60647, USA","8135 Lorel Ave, Skokie, IL 60077",2234,1.61E+12
"2800 W Diversey Ave, Chicago, IL 60647, USA","5800 Dempster St, Morton Grove, IL 60053",2157,1.61E+12
"2800 W Diversey Ave, Chicago, IL 60647, USA","2926 Central St, Evanston, IL 60201",2647,1.61E+12
"810 W Armitage Ave, Chicago, IL 60614, USA","3156 North Lincoln Avenue, Chicago, IL, USA",810,1.61E+12
"416 13th Street, Oakland, CA, USA","2313 Derby Street, Berkeley, CA, USA",1608,1.61E+12
"2800 W Diversey Ave, Chicago, IL 60647, USA","3249 S Oak Park Ave, Berwyn, IL 60402",2235,1.61E+12
"2800 W Diversey Ave, Chicago, IL 60647, USA","1615 S Clark St, Chicago, IL 60616, USA",1660,1.61E+12
"2800 W Diversey Ave, Chicago, IL 60647, USA","2525 S Martin Luther King Dr, Chicago, IL 60616, USA",1906,1.61E+12
"2800 W Diversey Ave, Chicago, IL 60647, USA","243 W Pershing Rd, Chicago, IL 60609",2002,1.61E+12
"2800 W Diversey Ave, Chicago, IL 60647, USA","4543 S Princeton Ave, Chicago, IL 60609, USA",2149,1.61E+12
"2800 W Diversey Ave, Chicago, IL 60647, USA","40 Arts Cir Dr, Evanston, IL 60208",2919,1.61E+12
"2800 W Diversey Ave, Chicago, IL 60647, USA","3001 Central St, Evanston, IL 60201, USA",2620,1.61E+12
"2800 W Diversey Ave, Chicago, IL 60647, USA","2720 N River Rd, River Grove, IL 60171",2697,1.61E+12
"1201 Pine Street, Oakland, CA, USA","1201 Pine Street, Oakland, CA, USA",704,1.61E+12
"1111 Collins Ave, Miami Beach, FL 33139, USA","3201 NE 183rd St, Aventura, FL 33160, USA",3829,1.61E+12
"1111 Collins Ave, Miami Beach, FL 33139, USA","3201 NE 183rd St, Aventura, FL 33160, USA",3829,1.61E+12
"1111 Collins Ave, Miami Beach, FL 33139, USA","3201 NE 183rd St, Aventura, FL 33160, USA",3829,1.61E+12
"1111 Collins Ave, Miami Beach, FL 33139, USA","3201 NE 183rd St, Aventura, FL 33160, USA",3829,1.61E+12
"1111 Collins Ave, Miami Beach, FL 33139, USA","3201 NE 183rd St, Aventura, FL 33160, USA",3829,1.61E+12
"1111 Collins Ave, Miami Beach, FL 33139, USA","3201 NE 183rd St, Aventura, FL 33160, USA",3829,1.61E+12
"1111 Collins Ave, Miami Beach, FL 33139, USA","3201 NE 183rd St, Aventura, FL 33160, USA",3829,1.61E+12
"1311 Southeast 17th Street, Fort Lauderdale, FL, USA","3232 Southwest 53rd Street, Fort Lauderdale, FL, USA",1665,1.61E+12
"2790 Loker Avenue West, Carlsbad, CA, USA","255, Avenue De Monaco",2636,1.61E+12
"2790 Loker Avenue West, Carlsbad, CA, USA","844 Palomar Airport Road, Carlsbad, CA, USA",1425,1.61E+12
"1 Dekalb Avenue, Brooklyn, NY, USA","230 Ashland Place, Brooklyn, NY, USA",660,1.61E+12
"130 King Street, Pottstown, PA, USA","17 Chestnut Street, Pottstown, PA, USA",660,1.61E+12
"130 King Street, Pottstown, PA, USA","130 East Main Street, Douglassville, PA, USA",2096,1.61E+12
"130 King Street, Pottstown, PA, USA","1600 East High Street, Pottstown, PA, USA",989,1.61E+12
"1662 North Higley Road, Mesa, AZ, USA","3906 East Marlene Drive, Gilbert, AZ, USA",1766,1.61E+12
"1492 North Higley Road, Mesa, AZ, USA","3906 East Marlene Drive, Gilbert, AZ, USA",1724,1.61E+12
"1492 North Higley Road, Gilbert, AZ 85234, USA","3906 East Marlene Drive, Gilbert, AZ, USA",990,1.61E+12
"22621 Amendola Terrace, Ashburn, VA, USA","21491 Trowbridge Square, Ashburn, VA, USA",1026,1.61E+12
"5200 North Elston Avenue, Chicago, IL, USA","7143 W Carol Ct, Niles, IL",1826,1.61E+12
"201 South Florissant Road, Ferguson, MO, USA","125 Royal Avenue, Ferguson, MO, USA",660,1.61E+12
"9017 31st Ave, East Elmhurst, NY, 11369, USA","3823 52nd Street, Long Island City, NY, USA",870,1.61E+12
"2419 W 14th St Chicago, IL 60608","850 West Adams Street, Chicago, IL, USA",931,1.61E+12
"200 West Lake Street, Fort Collins, CO, USA","6974 Carlyle Lane, Wellington, CO, USA",2622,1.61E+12
"2333 S Cicero Ave, Cicero, IL 60804, USA","Popeyes Louisiana Kitchen, 2800 W Diversey Ave, Chicago, IL 60647",1890,1.61E+12
"10016 Edmonds Way, Edmonds, WA, USA","9321 244th Street Southwest, Edmonds, WA, USA",722,1.61E+12
"711 University Ave, San Diego, CA 92103, USA","6935 Linda Vista Rd, San Diego, CA 92111",1265,1.61E+12
"711 University Ave, San Diego, CA 92103, USA","4545 La Jolla Village Dr Ste E-25, San Diego, CA 92122",2856,1.61E+12
"711 University Ave, San Diego, CA 92103, USA","4647 Zion Ave, San Diego, CA 92120",1923,1.61E+12
"1612 Forest Avenue, Wilmette, IL, USA","808 Bryant Avenue, Winnetka, IL, USA",948,1.61E+12
"4371 West Charleston Boulevard, Las Vegas, NV, USA","5221 Pioneer Avenue, Las Vegas, NV, USA",968,1.61E+12
"405 North Euclid Avenue, St. Louis, MO, USA","316 La Motte Lane, Ferguson, MO, USA",2061,1.61E+12
"562 Park Ave, Freehold, NJ, USA","60 W George St, Freehold, NJ, USA",660,1.61E+12
"7399 W Alaska Dr, Denver, CO 80226, USA","6245 West 5th Place, Lakewood, CO, USA",805,1.61E+12
"Amazing Edibles Catering, 2419 West 14th Street, Chicago, IL, USA","65 East Monroe Street, Chicago, IL, USA",1167,1.61E+12
"709 West 81st Place, Chicago, IL, USA","2147 East 96th Street, Chicago, IL, USA",1592,1.61E+12
"685 Bloomfield Avenue, Verona, NJ, USA","1 Lake St, Belleville, NJ, USA",1451,1.61E+12
"2641 N Decatur Rd, Decatur, GA 30033, USA","3165 Stonewyck Place, Decatur, GA, USA",815,1.61E+12
"2214 Hull Street, Richmond, VA, USA","3117 Lamb Avenue, Richmond, VA, USA",1361,1.61E+12
"918 NE 64th St, Seattle, WA 98115, USA","311 NE 52nd St, Seattle, WA, USA",677,1.61E+12
"4739 Avery Lane Southeast, Lacey, WA, USA","2907 Riverlea Drive Southeast, Olympia, WA, USA",1119,1.61E+12
"46529 Mission Blvd, Fremont, CA 94539, USA","River Oaks Place, San Jose, CA, USA",2147,1.61E+12
"46529 Mission Blvd, Fremont, CA 94539, USA","55 River Oaks Place, San Jose, CA, USA",2140,1.61E+12
"3555 W Addison St, Chicago, IL, USA","1348 West Estes Avenue, Chicago, IL, USA",2086,1.61E+12
"Amazing Edibles Catering, 2419 West 14th Street, Chicago, IL, USA","65 East Harrison Street, Chicago, IL, USA",1124,1.61E+12
"Amazing Edibles Catering, 2419 West 14th Street, Chicago, IL, USA","65 East Monroe Street, Chicago, IL, USA",1167,1.61E+12
"Amazing Edibles Catering, 2419 West 14th Street, Chicago, IL, USA","65 East Monroe Street, Chicago, IL, USA",1167,1.61E+12
"90 7th Ave, San Francisco, CA, USA","900 Folsom Street, San Francisco, CA, USA",1476,1.61E+12
"2125 North Decatur Road, Decatur, GA, USA","2125 Elvan Circle Northeast, Atlanta, GA, USA",981,1.61E+12
"120 New York 304, Bardonia, NY, USA","13 North Rockland Avenue, Congers, NY, USA",1496,1.61E+12
"141 Sycamore St, Decatur, GA 30030, USA","3048 Oakham Place, Avondale Estates, GA, USA",829,1.61E+12
"1035 73rd Street, Brooklyn, NY, USA","1485 East 16th Street, Brooklyn, NY, USA",1096,1.61E+12
"400 Southwest 75th Avenue, North Lauderdale, FL, USA","7 Southeast 22nd Avenue, Pompano Beach, FL, USA",1960,1.61E+12
"400 Southwest 75th Avenue, North Lauderdale, FL, USA","7822 Northwest 66th Terrace, Tamarac, FL, USA",964,1.61E+12
"400 Southwest 75th Avenue, North Lauderdale, FL, USA","872 Northwest 81st Terrace, Plantation, FL, USA",1967,1.61E+12
"744 S Central Expy, Richardson, TX 75080, USA","2200 Primrose Drive, Richardson, TX, USA",1707,1.61E+12
"10110 North Bighorn Butte Drive, Oro Valley, AZ, USA","8181 N Gibraltar Dr, Tucson, AZ, USA",1397,1.61E+12
"4632 North Rockwell Street, Chicago, IL, USA","1650 West Summerdale Avenue, Chicago, IL, USA",833,1.61E+12
"6259 Middle Fiskville Rd, Austin, TX 78752, USA","601 W 11th St, Austin, TX 78701, USA",1451,1.61E+12
"4008 North Kenmore Avenue, Chicago, IL, USA","37 North Carpenter Street, Chicago, IL, USA",1804,1.61E+12
"2419 W 14th St, Chicago, Illinois, USA","812 North Noble Street, Chicago, IL, USA",992,1.61E+12
"3026 Richmond Road, Williamsburg, VA, USA","143 Braddock Road, Williamsburg, VA, USA",1623,1.61E+12
"2419 W 14th St, Chicago, IL 60608, USA","2318 West Montana Street, Chicago, IL, USA",1247,1.61E+12
"6112 Cobblestone Drive, Cicero, NY, USA","200 Chestnut Hill Drive, Liverpool, NY, USA",2088,1.61E+12
"99-101 West Main Street, Somerville, NJ, USA","53 Taurus Drive, Hillsborough Township, NJ, USA",1466,1.61E+12
"525 Garden Oaks Boulevard, Houston, TX, USA","2011 Spenwick Drive, Houston, TX, USA",1576,1.61E+12
"712 Franklin Street, Oakland, CA, USA","3250 Hollis Street, Oakland, CA, USA",1074,1.61E+12
"601 West 11th Street, Austin, TX, USA","603 West 11th Street, Austin, TX, USA",660,1.61E+12
"2419 W 14th St Chicago, IL 60608","1612 West Chicago Avenue, Chicago, IL, USA",966,1.61E+12
"2419 W 14th St Chicago, IL 60608","1612 West Chicago Avenue, Chicago, IL, USA",966,1.61E+12
"50 Murray Street, New York, NY, USA","285 West Broadway, New York, NY, USA",660,1.61E+12
"9700 Springfield Woods Circle, Glen Allen, VA, USA","5600 Grove Avenue, Richmond, VA, USA",1594,1.61E+12
"Alvarado St, Monterey, CA, USA","8 Park Ave, Monterey, CA, USA",704,1.61E+12
"10162 West Broad Street, Glen Allen, VA, USA","9700 Springfield Woods Circle, Glen Allen, VA, USA",686,1.61E+12
"980 Northwest 36th Street, Miami, FL, USA","245 Northeast 14th Street, Miami, FL, USA",964,1.61E+12
"2585 Salem Crossing, Tucker, GA 30084, USA","355 Obrian Drive, Stone Mountain, GA, USA",2033,1.61E+12
"Amazing Edibles Catering, 2419 West 14th Street, Chicago, IL, USA","3106 West Leland Avenue, Chicago, IL, USA",2254,1.61E+12
"824 Stanton Dr, Weston, FL, USA","16509 Diamond Head Drive, Weston, FL, USA",1802,1.61E+12
"445 N Clark St, Chicago, IL 60654, USA","5608 South Blackstone Avenue, Chicago, IL, USA",1946,1.61E+12
"211 El Camino Real, Menlo Park, CA 94025, USA","975 Portola Road, Portola Valley, CA, USA",2035,1.61E+12
"2111 El Camino Real, Palo Alto, CA 94306, USA","975 Portola Road, Portola Valley, CA, USA",2741,1.61E+12
"234 W Lockwood Ave, Webster Groves, MO 63119, USA","5 Edgewood Road, St. Louis, MO, USA",1243,1.61E+12
"2339 N California Ave, Chicago, IL 60647, United States","4543 S Princeton Ave, Chicago, IL 60609, USA",2118,1.61E+12
"2339 N California Ave, Chicago, IL 60647, United States","1201 W Washington Blvd, Chicago, IL 60607, USA",1257,1.61E+12
"1101 W Jackson Blvd, Chicago, IL 60607, USA","1101 W Jackson Blvd, Chicago, IL 60607, USA",660,1.61E+12
"2339 N California Ave, Chicago, IL 60647, USA","1101 W Jackson Blvd, Chicago, IL 60607, USA",1365,1.61E+12
"2339 N California Ave, Chicago, IL 60647, USA","1058 W Polk St, Chicago, IL 60607, USA",1458,1.61E+12
"2339 N California Ave, Chicago, IL 60647, USA","2120 S Canal St, Chicago, IL 60616, USA",1597,1.61E+12
"2339 N California Ave, Chicago, IL 60647, USA","3434 S Halsted St, Chicago, IL 60608, USA",2012,1.61E+12
"3573 Ashby Road, Saint Ann, MO, USA","3701 Rider Trail South, Earth City, MO, USA",1613,1.61E+12
"2339 N California Ave, Chicago, IL 60647, USA","3020 S Halsted St, Chicago, IL 60608, USA",1740,1.61E+12
"1311 Pecan Avenue, Charlotte, NC, USA","1421 Iris Drive, Charlotte, NC, USA",663,1.61E+12
"4736 Sharon Road, Charlotte, NC, USA","1421 Iris Drive, Charlotte, NC, USA",1619,1.61E+12
"2323 Linwood Avenue, Royal Oak, MI, USA","4407 Sedgemoor Ave, Royal Oak, MI, USA",804,1.61E+12
"606 Albany Street, Ferndale, MI, USA","4407 Sedgemoor Ave, Royal Oak, MI, USA",1581,1.61E+12
"5486 Dixie Hwy, Fairfield, OH 45014, USA","714 Danbury Rd, Cincinnati, OH, USA",1311,1.61E+12
"4152 Byron Street, Palo Alto, CA, USA","1004 Emerson Street, Palo Alto, CA, USA",1349,1.61E+12
"5759 Lankershim Boulevard, North Hollywood, CA, USA","14424 Magnolia Boulevard, Sherman Oaks, CA, USA",1471,1.61E+12
"1448 Sanborn Avenue, San Jose, CA, USA","1261 Fleming Avenue, San Jose, CA, USA",1977,1.61E+12
"1421 Aster Lane, Bolingbrook, IL, USA","2601 Internationale Pkwy, Woodridge, IL, USA",1467,1.61E+12
"3535 Hartsel Dr, Colorado Springs, CO 80920, USA","7280 Colebrook Lane, Colorado Springs, CO, USA",660,1.61E+12
"5102 N Nevada Ave, Colorado Springs, CO 80918, USA","7280 Colebrook Lane, Colorado Springs, CO, USA",1483,1.61E+12
"1230 Park Avenue, New York, NY, USA","551 5th Avenue, New York, NY, USA",941,1.61E+12
"14634 Northeast San Rafael Street, Portland, OR, USA","Southeast 82nd Avenue, Portland, OR, USA",1753,1.61E+12
"178 Lafayette Street, New York, NY, USA","293 Third Avenue, New York, NY, USA",776,1.61E+12
"6514 Southeast 82nd Avenue, Portland, OR, USA","7330 Southeast Franklin Street, Portland, OR, USA",828,1.61E+12
"4450 Huntington Forest Boulevard, Jacksonville, FL, USA","10351 Gran Bay Parkway, Jacksonville, FL, USA",1802,1.61E+12
"6800 Wisconsin Avenue Northwest, Bethesda, MD 20815, USA","4440 Willard Avenue, Chevy Chase, MD, USA",660,1.61E+12
"1413 Park Rd NW, Washington, DC 20010, USA","4440 Willard Avenue, Chevy Chase, MD, USA",1229,1.61E+12
"124 West Park Avenue, Elmhurst, IL, USA","125 South Prospect Avenue, Elmhurst, IL, USA",660,1.61E+12
"1164 Fair Lawn Avenue, Fair Lawn, NJ, USA","9-01 2nd Street, Fair Lawn, NJ, USA",660,1.61E+12
"246 Mott Street, New York, NY, USA","78 Bank Street, New York, NY, USA",736,1.61E+12
"410 S Washington Ave, Royal Oak, MI, USA","415 Aqua Court, Royal Oak, MI, USA",762,1.61E+12
"528 Central Ave, Pacific Grove, CA, USA","1401 Vía Isola, Monterey, CA, USA",1533,1.61E+12
"1025 Preston Road, Plano, TX, USA","4925 Rasor Boulevard, Plano, TX, USA",1448,1.61E+12
"2419 West 14th Street, Chicago, IL, USA","2324 North Wayne Avenue, Chicago, IL, USA",1647,1.61E+12
"5 Pennsylvania Plaza, New York, NY, USA","1177 Avenue of the Americas, New York, NY, USA",660,1.61E+12
"4748 North Kedzie Avenue, Chicago, IL, USA","3635 North Wolcott Avenue, Chicago, IL, USA",979,1.61E+12
"596 Manhattan Avenue, Brooklyn, NY, USA","1124 31st Avenue, Queens, NY, USA",1123,1.61E+12
"218 Maujer Street, Brooklyn, NY, USA","1152 East 84th Street, Brooklyn, NY, USA",1634,1.61E+12
"2419 W 14th St Chicago, IL 60608","2324 North Wayne Avenue, Chicago, IL, USA",1321,1.61E+12
"2419 W 14th St Chicago, IL 60608","2324 North Wayne Avenue, Chicago, IL, USA",1322,1.61E+12
"5200 Blue Ridge Court, Wallington, NJ, USA","208 Passaic Avenue, Fairfield, NJ, USA",2795,1.61E+12
"528 Central Ave, Pacific Grove, CA, USA","26056 Mission Fields Road, Carmel-by-the-Sea, CA, USA",1957,1.61E+12
"1475 Holcomb Bridge Road, Roswell, GA, USA","7610 Ball Mill Road Northeast, Atlanta, GA, USA",1596,1.61E+12
"12221 Blue Valley Parkway, Overland Park, KS, USA","14722 Mackey Street, Overland Park, KS, USA",1123,1.61E+12
"2102 W Pensacola St, Tallahassee, Florida, USA","3221 N Monroe St, Tallahassee, FL 32303",1263,1.61E+12
"2102 W Pensacola St, Tallahassee, Florida, USA","4689 N Monroe St, Tallahassee, FL 32303, USA",1702,1.61E+12
"2102 W Pensacola St, Tallahassee, Florida, USA","5360 Capital Cir NW, Tallahassee, FL 32303, USA",1813,1.61E+12
"2102 W Pensacola St, Tallahassee, Florida, USA","5818 N Monroe St, Tallahassee, FL 32303",1902,1.61E+12
"2102 W Pensacola St, Tallahassee, Florida, USA","5025 Robinhood Kennel Rd, Tallahassee, FL 32303",2063,1.61E+12
"2102 W Pensacola St, Tallahassee, Florida, USA","Susannah Drive, Tallahassee, FL, USA",2123,1.61E+12
"2102 W Pensacola St, Tallahassee, Florida, USA","8002 Old Bainbridge Rd, Tallahassee, FL 32303, USA",2257,1.61E+12
"2102 W Pensacola St, Tallahassee, Florida, USA","Dick Mitchell Dr, Tallahassee, FL 32303",2323,1.61E+12
"2102 W Pensacola St, Tallahassee, Florida, USA","270 Four Star Way, Midway, FL 32343",1859,1.61E+12
"2102 W Pensacola St, Tallahassee, Florida, USA","270 Four Star Way, Midway, FL 32343, USA",1859,1.61E+12
"2102 W Pensacola St, Tallahassee, Florida, USA","70 Palmer Rd, Midway, FL 32343, USA",2152,1.61E+12
"2102 W Pensacola St, Tallahassee, Florida, USA","6555 Tom Roberts Rd, Tallahassee, FL 32305, USA",2163,1.61E+12
"2102 W Pensacola St, Tallahassee, Florida, USA","8056 Woodville Hwy, Tallahassee, FL 32305",2433,1.61E+12
"2102 W Pensacola St, Tallahassee, Florida, USA","1627 Highland Dr, Tallahassee, FL 32317",1951,1.61E+12
"2102 W Pensacola St, Tallahassee, Florida, USA","5500 Thomasville Rd, Tallahassee, FL 32312",2341,1.61E+12
"2102 W Pensacola St, Tallahassee, Florida, USA","4975 Clippys Dr, Tallahassee, FL 32303",2501,1.61E+12
"2102 W Pensacola St, Tallahassee, Florida, USA","114 Thompson Cir Suite 1A, Tallahassee, FL 32312",2202,1.61E+12
"2102 W Pensacola St, Tallahassee, Florida, USA","6360 Mallard Trace Dr, Tallahassee, FL 32312",2352,1.61E+12
"211 Main Street, Manchester, CT, USA","75 Lancaster Road, Glastonbury, CT, USA",1782,1.61E+12
"480 Concord Avenue, The Bronx, NY, USA","2441 Westervelt Avenue, The Bronx, NY, USA",1921,1.61E+12
"25 Madison Avenue, New York, NY, USA","171 East 93rd Street, New York, NY, USA",1378,1.61E+12
"73 Holbrook Lane, Briarcliff Manor, NY, USA","32 Cedar Lane, Ossining, NY, USA",900,1.61E+12
"2419 W 14th St, Chicago, Illinois, USA","4755 North Magnolia Avenue, Chicago, IL, USA",2449,1.61E+12
"528 Central Ave, Pacific Grove, CA, USA","27400 Heavens Way, Carmel, CA 93923, USA",3120,1.61E+12
"2419 West 14th Street, Chicago, IL 60608, USA","2212 West Iowa Street, Chicago, IL, USA",936,1.61E+12
"404 Classon Avenue, Brooklyn, NY, USA","350 Lenox Road, Brooklyn, NY, USA",1023,1.61E+12
"Amazing Edibles Catering, 2419 West 14th Street, Chicago, IL, USA",4554 N. Paulina St,2087,1.61E+12
"500 South Broadway, Denver, CO, USA","765 S High St, Denver, CO, USA",743,1.61E+12
"8879 Estebury Cir, Colorado Springs, CO, USA","2805 North Chestnut Street, Colorado Springs, CO, USA",2158,1.61E+12
"Amazing Edibles Catering, 2419 West 14th Street, Chicago, IL, USA","6 South Laflin Street, Chicago, IL, USA",806,1.61E+12
"201 50th Avenue, Long Island City, NY, USA","3906 30th Street, Long Island City, NY, USA",834,1.61E+12
"2419 W 14th St Chicago, IL 60608","355 East Erie Street, Chicago, IL, USA",1412,1.61E+12
"2419 W 14th St Chicago, IL 60608","355 East Erie Street, Chicago, IL, USA",1412,1.61E+12
"420 M Street Northwest, Washington, DC, USA","4440 Willard Avenue, Bethesda, MD, USA",1664,1.61E+12
"6800 Township Trail, Austin, TX, USA","5213 Welcome Glen, Austin, TX, USA",955,1.61E+12
"24441 Arizona Avenue, Santa Monica, CA, USA","2604 South Bentley Avenue, Los Angeles, CA, USA",1275,1.61E+12
"618 F Street Northeast, Washington, DC, USA","78 U Street Northwest, Washington, DC, USA",825,1.61E+12
"1234 Centinela Avenue, Inglewood, CA, USA","12301 Wilshire Boulevard, Los Angeles, CA, USA",2396,1.61E+12
"123 North Jefferson Street, Chicago, IL, USA","2018 West North Avenue, Chicago, IL, USA",996,1.61E+12
"2800 W Diversey Ave, Chicago, IL 60647, USA","3333 N Kimball Ave, Chicago, IL 60618, USA",703,1.61E+12
"2800 W Diversey Ave, Chicago, IL 60647, USA","3320 W Belmont Ave, Chicago, IL 60618, USA",662,1.61E+12
"2800 W Diversey Ave, Chicago, IL 60647, USA","4648 N Kedzie Ave, Chicago, IL 60625",996,1.61E+12
"2800 W Diversey Ave, Chicago, IL 60647, USA","5695 N Lincoln Ave, Chicago, IL 60659",1837,1.61E+12
"2800 W Diversey Ave, Chicago, IL 60647, USA","5033 N Elston Ave, Chicago, IL 60630",1275,1.61E+12
"2800 W Diversey Ave, Chicago, IL 60647, USA","5033 N Elston Ave, Chicago, IL 60630, USA",1275,1.61E+12
"2800 W Diversey Ave, Chicago, IL 60647, USA","7311 N Melvina Ave, Niles, IL 60714",1966,1.61E+12
"2800 W Diversey Ave, Chicago, IL 60647, USA","7311 N Melvina Ave, Niles, IL 60714, USA",1966,1.61E+12
"2800 W Diversey Ave, Chicago, IL 60647, USA","7901 N Milwaukee Ave, Niles, IL 60714, USA",2105,1.61E+12
"2800 W Diversey Ave, Chicago, IL 60647, USA","3357 W Peterson Ave, Chicago, IL 60659, USA",1685,1.61E+12
"2800 W Diversey Ave, Chicago, IL 60647, USA","5016 N Pulaski Rd, Chicago, IL 60630",1429,1.61E+12
"2800 W Diversey Ave, Chicago, IL 60647, USA","4125 N Milwaukee Ave, Chicago, IL 60641, USA",1148,1.61E+12
"529 Central Avenue, Pacific Grove, CA, USA","5315 Carmel Valley Rd, Carmel, CA 93923, USA",2290,1.61E+12
"529 Central Avenue, Pacific Grove, CA 93950, USA","529 Central Avenue, Pacific Grove, CA 93950, USA",704,1.61E+12
"529 Central Avenue, Pacific Grove, CA 93950, USA","330 Del Monte Center, Monterey, CA, USA",1219,1.61E+12
"529 Central Avenue, Pacific Grove, CA 93950, USA","26135 Carmel Rancho Boulevard, Carmel-by-the-Sea, CA, USA",1929,1.61E+12
"529 Central Avenue, Pacific Grove, CA 93950, USA","8205 Valley Greens Drive, Carmel-by-the-Sea, CA, USA",2608,1.61E+12
